e1,Q3051868
e2,Q3051868
e3,Q13692
e4,Q13692
e5,Q444
e6,Q273831
e7,Q285272
e8,Q1003
e9,Q7188
e10,Q6435905
e11,Q9356550
e12,Q9376166
e13,Q245389
e14,Q309250
e15,Q16587048
e16,Q7368
e17,Q103217
e18,Q147239
e19,Q9311535
e20,Q15904453
e21,Q33690
e22,Q18813
e23,Q33690
e24,Q532
e25,Q515
e26,Q270
e27,Q268
e28,Q31487
e29,Q532
e30,Q150737
e31,Q9153252
e32,Q627329
e33,Q3062604
e34,Q161500
e35,Q7275
e36,Q206361
e37,Q266143
e38,Q36
e39,Q1852556
e40,Q3062604
e41,Q39631
e42,Q210999
e43,Q1867
e44,Q181600
e45,Q12140
e46,Q1900167
e47,Q181600
e48,Q62903
e49,Q846570
e50,Q1636999
e51,Q705450
e52,Q820655
e53,Q808
e54,Q622524
e55,Q320765
e56,Q11685924
e57,Q9160764
e58,Q4093268
e59,Q761
e60,Q82765
e61,Q320765
e62,Q323292
e63,Q44416
e64,Q38959
e65,Q1723032
e66,Q192425
e67,Q38959
e68,Q574969
e69,Q98964
e70,Q55924
e71,Q2483208
e72,Q82650
e73,Q48204
e74,Q42501
e75,Q3195517
e76,Q245198
e77,Q104680
e78,Q9129
e79,Q9252673
e80,Q19929214
e81,Q250867
e82,Q393
e83,Q37226
e84,Q1092499
e85,Q41487
e86,Q4557443
e87,Q1569495
e88,Q3918
e89,Q25212275
e90,Q6216
e91,Q132603
e92,Q3402645
e93,Q163820
e94,Q5482740
e95,Q7188
e96,Q14212
e97,Q833
e98,Q1865
e99,Q163820
e100,Q42406
e101,Q121842
e102,Q862086
e103,Q875556
e104,Q865
e105,Q152529
e106,Q4991371
e107,Q245109
e108,Q569284
e109,Q569284
e110,Q569284
e111,Q4991371
e112,Q569284
e113,Q4991371
e114,Q7843791
e115,Q4991371
e116,Q7843791
e117,Q1571846
e118,Q633009
e119,Q98975
e120,Q705450
e121,Q482980
e122,Q901
e123,Q37226
e124,Q188966
e125,Q144786
e126,Q46
e127,Q408
e128,Q230
e129,Q846570
e130,Q994
e131,Q1752823
e132,Q37230
e133,Q37230
e134,Q649
e135,Q171795
e136,Q218435
e137,Q151929
e138,Q164142
e139,Q159
e140,Q7169
e141,Q7982
e142,Q5292
e143,Q36180
e144,Q142
e145,Q7987
e146,Q159
e147,Q2624680
e148,Q25903
e149,Q41583
e150,Q50001
e151,Q25903
e152,Q25924
e153,Q42884
e154,Q9152659
e155,Q26244
e156,Q188736
e157,Q458
e158,Q1065
e159,Q24704850
e160,Q7174
e161,Q225
e162,Q352
e163,Q1506868
e164,Q161500
e165,Q83405
e166,Q11821402
e167,Q7189622
e168,Q519076
e169,Q695829
e170,Q33999
e171,Q55367
e172,Q6428575
e173,Q171441
e174,Q7304607
e175,Q109607
e176,Q225
e177,Q127885
e178,Q37055
e179,Q225
e180,Q11194
e181,Q127885
e182,Q225
e183,Q19929214
e184,Q548
e185,Q124072
e186,Q1026
e187,Q5344916
e188,Q537303
e189,Q1026
e190,Q11078171
e191,Q36
e192,Q936969
e193,Q7737
e194,Q98964
e195,Q486839
e196,Q55782
e197,Q953174
e198,Q275102
e199,Q29552
e200,Q30461
e201,Q9588
e202,Q312782
e203,Q319967
e204,Q1930187
e205,Q59215
e206,Q42930
e207,Q1056391
e208,Q1735732
e209,Q1841
e210,Q1735732
e211,Q93301
e212,Q171043
e213,Q55965
e214,Q93301
e215,Q231554
e216,Q697800
e217,Q7278
e218,Q82955
e219,Q599151
e220,Q1930187
e221,Q697800
e222,Q697800
e223,Q10990
e224,Q863266
e225,Q37
e226,Q11755571
e227,Q1752919
e228,Q580
e229,Q745074
e230,Q580
e231,Q4578155
e232,Q745074
e233,Q1752919
e234,Q104680
e235,Q11768213
e236,Q486839
e237,Q150093
e238,Q3259469
e239,Q837416
e240,Q35749
e241,Q1092499
e242,Q11724555
e243,Q1465227
e244,Q11768253
e245,Q1647770
e246,Q166118
e247,Q6589202
e248,Q11768253
e249,Q3230
e250,Q634
e251,Q677
e252,Q7755
e253,Q145
e254,Q358834
e255,Q311214
e256,Q186360
e257,Q623802
e258,Q145
e259,Q17946
e260,Q851
e261,Q121998
e262,Q84
e263,Q24704850
e264,Q30300087
e265,Q820655
e266,Q161500
e267,Q270791
e268,Q275102
e269,Q728646
e270,Q164535
e271,Q3921
e272,Q83405
e273,Q213441
e274,Q101539
e275,Q101539
e276,Q8396
e277,Q218
e278,Q19660
e279,Q11035
e280,Q953174
e281,Q9373627
e282,Q6435905
e283,Q153909
e284,Q9161
e285,Q36704
e286,Q87167
e287,Q153909
e288,Q84
e289,Q16533
e290,Q16533
e291,Q9251278
e292,Q6589202
e293,Q41487
e294,Q166196
e295,Q6216
e296,Q1476149
e297,Q458
e298,Q55743
e299,Q1389601
e300,Q55743
e301,Q54171
e302,Q1848385
e303,Q25413597
e304,Q214640
e305,Q54171
e306,Q51427
e307,Q9168086
e308,Q9323608
e309,Q9323608
e310,Q1723368
e311,Q806642
e312,Q106583
e313,Q37333
e314,Q588
e315,Q11692
e316,Q11693
e317,Q9165090
e318,Q1661
e319,Q1661
e320,Q180481
e321,Q34486
e322,Q11740963
e323,Q184023
e324,Q34486
e325,Q39631
e326,Q11740963
e327,Q184023
e328,Q5283
e329,Q131746
e330,Q5283
e331,Q7188
e332,Q55928
e333,Q131569
e334,Q7188
e335,Q801
e336,Q212938
e337,Q201190
e338,Q1218
e339,Q7325
e340,Q201190
e341,Q201759
e342,Q1601458
e343,Q1601458
e344,Q7174
e345,Q430880
e346,Q1309
e347,Q7174
e348,Q177634
e349,Q181648
e350,Q35535
e351,Q715641
e352,Q201005
e353,Q311019
e354,Q672108
e355,Q182452
e356,Q311019
e357,Q11742175
e358,Q15332
e359,Q438603
e360,Q11270
e361,Q132851
e362,Q13360884
e363,Q11270
e364,Q786
e365,Q11270
e366,Q34581
e367,Q34581
e368,Q34581
e369,Q9597
e370,Q1787856
e371,Q5187
e372,Q5196
e373,Q49542
e374,Q31230
e375,Q855
e376,Q159
e377,Q49542
e378,Q9357324
e379,Q6589202
e380,Q486839
e381,Q15686806
e382,Q176637
e383,Q43193
e384,Q9165014
e385,Q270
e386,Q270
e387,Q8495
e388,Q4539
e389,Q36
e390,Q637776
e391,Q1626030
e392,Q8495
e393,Q54171
e394,Q9377184
e395,Q270
e396,Q4539
e397,Q1753245
e398,Q259995
e399,Q6266
e400,Q16533
e401,Q4294864
e402,Q16533
e403,Q37085
e404,Q13107184
e405,Q565349
e406,Q1792
e407,Q34453
e408,Q5187
e409,Q34453
e410,Q31230
e411,Q5196
e412,Q49542
e413,Q649
e414,Q486839
e415,Q40
e416,Q1628291
e417,Q11765354
e418,Q11765354
e419,Q11708997
e420,Q7945489
e421,Q486839
e422,Q218477
e423,Q19705
e424,Q19705
e425,Q19705
e426,Q41487
e427,Q942411
e428,Q483110
e429,Q1645444
e430,Q36
e431,Q34
e432,Q42406
e433,Q42884
e434,Q52942
e435,Q1383459
e436,Q249133
e437,Q52942
e438,Q9324919
e439,Q134255
e440,Q4174229
e441,Q9322586
e442,Q11205
e443,Q247073
e444,Q953174
e445,Q2307945
e446,Q820655
e447,Q11779256
e448,Q218477
e449,Q2307945
e450,Q218477
e451,Q4508
e452,Q1792
e453,Q9341813
e454,Q2832516
e455,Q270
e456,Q37686
e457,Q30056
e458,Q131572
e459,Q622499
e460,Q82794
e461,Q204381
e462,Q71
e463,Q132551
e464,Q877848
e465,Q7174
e466,Q7270
e467,Q7270
e468,Q7174
e469,Q6216
e470,Q9353576
e471,Q465071
e472,Q36
e473,Q161500
e474,Q820655
e475,Q98964
e476,Q11692
e477,Q1160928
e478,Q557880
e479,Q17946
e480,Q1930187
e481,Q557880
e482,Q145
e483,Q145
e484,Q7282429
e485,Q1390271
e486,Q609651
e487,Q389923
e488,Q41252
e489,Q9370125
e490,Q127885
e491,Q1246
e492,Q1246
e493,Q403
e494,Q127885
e495,Q39614
e496,Q5213412
e497,Q26782
e498,Q26615
e499,Q38301
e500,Q19758409
e501,Q130949
e502,Q109179
e503,Q588
e504,Q588
e505,Q4991371
e506,Q7434
e507,Q6589202
e508,Q11780925
e509,Q282
e510,Q8495
e511,Q282
e512,Q282
e513,Q8495
e514,Q155656
e515,Q76768
e516,Q43663
e517,Q44416
e518,Q22676
e519,Q6496411
e520,Q3519259
e521,Q5503
e522,Q190
e523,Q9147179
e524,Q2280
e525,Q11035
e526,Q9147179
e527,Q9147179
e528,Q30461
e529,Q184
e530,Q589298
e531,Q7174
e532,Q7558024
e533,Q1003
e534,Q212
e535,Q250485
e536,Q268
e537,Q52842
e538,Q104740
e539,Q320007
e540,Q9151744
e541,Q218477
e542,Q43193
e543,Q268
e544,Q184
e545,Q212
e546,Q668
e547,Q1611652
e548,Q9730
e549,Q11399
e550,Q9798
e551,Q445275
e552,Q168844
e553,Q178476
e554,Q66344
e555,Q168844
e556,Q1723032
e557,Q25294
e558,Q854429
e559,Q758057
e560,Q349566
e561,Q1260314
e562,Q349566
e563,Q11692
e564,Q1260314
e565,Q194166
e566,Q11691
e567,Q557880
e568,Q159
e569,Q557880
e570,Q179076
e571,Q81230
e572,Q83405
e573,Q81230
e574,Q3051868
e575,Q11724630
e576,Q25372
e577,Q454870
e578,Q9397156
e579,Q79297
e580,Q589968
e581,Q79297
e582,Q130949
e583,Q216754
e584,Q26678
e585,Q232
e586,Q7270
e587,Q820655
e588,Q9252
e589,Q7737
e590,Q7737
e591,Q47805
e592,Q9322534
e593,Q15686806
e594,Q3845564
e595,Q11817247
e596,Q454726
e597,Q589298
e598,Q1095404
e599,Q9152070
e600,Q31948
e601,Q35535
e602,Q4228200
e603,Q42406
e604,Q46
e605,Q486839
e606,Q8889
e607,Q50001
e608,Q1026
e609,Q133032
e610,Q991
e611,Q49542
e612,Q1026
e613,Q50001
e614,Q7732623
e615,Q254
e616,Q237534
e617,Q46
e618,Q83307
e619,Q1930187
e620,Q207978
e621,Q649
e622,Q253301
e623,Q1718656
e624,Q11710859
e625,Q245792
e626,Q9347955
e627,Q15180
e628,Q15180
e629,Q52341833
e630,Q224854
e631,Q11817557
e632,Q16612941
e633,Q599896
e634,Q21
e635,Q8341
e636,Q30
e637,Q639669
e638,Q161491
e639,Q318509
e640,Q3001888
e641,Q1411035
e642,Q330629
e643,Q898820
e644,Q21077
e645,Q1138185
e646,Q656155
e647,Q11399
e648,Q326542
e649,Q9531
e650,Q1309088
e651,Q11780037
e652,Q183
e653,Q7188
e654,Q275102
e655,Q4122737
e656,Q1476710
e657,Q835400
e658,Q820477
e659,Q835400
e660,Q9397360
e661,Q753
e662,Q131524
e663,Q486839
e664,Q54114
e665,Q23397
e666,Q11004
e667,Q76768
e668,Q55043
e669,Q9312334
e670,Q11779256
e671,Q218477
e672,Q55928
e673,Q14212
e674,Q7188
e675,Q9312334
e676,Q1930187
e677,Q55928
e678,Q185351
e679,Q573607
e680,Q15284
e681,Q159
e682,Q212
e683,Q219
e684,Q166196
e685,Q128468
e686,Q104302
e687,Q41583
e688,Q937857
e689,Q783794
e690,Q4182927
e691,Q11692
e692,Q557880
e693,Q600751
e694,Q36
e695,Q105985
e696,Q789915
e697,Q1006696
e698,Q60
e699,Q48469
e700,Q8906
e701,Q1341818
e702,Q8832
e703,Q662656
e704,Q4213
e705,Q161652
e706,Q159
e707,Q82955
e708,Q82955
e709,Q44148
e710,Q179333
e711,Q81025
e712,Q5113
e713,Q1814168
e714,Q1242708
e715,Q1873676
e716,Q1242708
e717,Q159
e718,Q159
e719,Q363079
e720,Q1124
e721,Q649
e722,Q15180
e723,Q159
e724,Q794
e725,Q6397066
e726,Q42053
e727,Q3616
e728,Q29570
e729,Q756669
e730,Q623149
e731,Q38823
e732,Q134307
e733,Q16280904
e734,Q270
e735,Q16280904
e736,Q16280904
e737,Q35749
e738,Q30300087
e739,Q250867
e740,Q16970
e741,Q1753143
e742,Q1753143
e743,Q104740
e744,Q11011909
e745,Q131512
e746,Q444
e747,Q1026
e748,Q30461
e749,Q7188
e750,Q30461
e751,Q55834
e752,Q24704850
e753,Q444
e754,Q35535
e755,Q820655
e756,Q48533523
e757,Q2703920
e758,Q35535
e759,Q573607
e760,Q965
e761,Q47740
e762,Q219477
e763,Q737540
e764,Q751148
e765,Q723824
e766,Q2164678
e767,Q737540
e768,Q15
e769,Q965
e770,Q580
e771,Q860447
e772,Q16917
e773,Q580
e774,Q104407
e775,Q3356933
e776,Q9633
e777,Q81096
e778,Q5308115
e779,Q656365
e780,Q11035
e781,Q532
e782,Q35535
e783,Q35535
e784,Q11725236
e785,Q9335058
e786,Q4380777
e787,Q242090
e788,Q36
e789,Q8880
e790,Q8880
e791,Q11725236
e792,Q36
e793,Q458
e794,Q186431
e795,Q2358590
e796,Q641398
e797,Q19546
e798,Q16917
e799,Q567332
e800,Q567332
e801,Q548
e802,Q1929501
e803,Q4022
e804,Q320007
e805,Q4022
e806,Q548
e807,Q11448
e808,Q483242
e809,Q901
e810,Q11424
e811,Q44
e812,Q1433149
e813,Q11800357
e814,Q35535
e815,Q36
e816,Q31487
e817,Q50001
e818,Q1026
e819,Q17517
e820,Q3966
e821,Q31487
e822,Q9149093
e823,Q11800357
e824,Q144
e825,Q11800357
e826,Q106681
e827,Q3806876
e828,Q103076
e829,Q458
e830,Q46
e831,Q3806876
e832,Q458
e833,Q323404
e834,Q9153398
e835,Q9390109
e836,Q275102
e837,Q270
e838,Q17221
e839,Q275102
e840,Q17517
e841,Q737540
e842,Q15
e843,Q9140153
e844,Q9140153
e845,Q156277
e846,Q9282050
e847,Q11755078
e848,Q9370122
e849,Q185351
e850,Q36233
e851,Q30461
e852,Q808
e853,Q3276159
e854,Q36233
e855,Q7886
e856,Q39631
e857,Q30461
e858,Q9382765
e859,Q877955
e860,Q55938
e861,Q47913
e862,Q211274
e863,Q55938
e864,Q1647770
e865,Q1578
e866,Q188538
e867,Q835
e868,Q830337
e869,Q191808
e870,Q44613
e871,Q914668
e872,Q89
e873,Q12955949
e874,Q913617
e875,Q7364
e876,Q33767
e877,Q201664
e878,Q81720
e879,Q157171
e880,Q578062
e881,Q104680
e882,Q189290
e883,Q578062
e884,Q25338
e885,Q634
e886,Q170483
e887,Q245317
e888,Q331744
e889,Q5873
e890,Q7561
e891,Q876824
e892,Q154425
e893,Q39631
e894,Q607410
e895,Q181348
e896,Q15079401
e897,Q9365011
e898,Q181348
e899,Q580
e900,Q270
e901,Q181348
e902,Q7929
e903,Q12493
e904,Q11315
e905,Q393
e906,Q1501
e907,Q102350
e908,Q9352032
e909,Q586516
e910,Q444677
e911,Q4286337
e912,Q1501
e913,Q30185
e914,Q55938
e915,Q3957
e916,Q515
e917,Q247073
e918,Q55938
e919,Q7312597
e920,Q486839
e921,Q1128266
e922,Q98964
e923,Q83307
e924,Q55938
e925,Q7312597
e926,Q1128266
e927,Q46
e928,Q4991371
e929,Q7184
e930,Q145
e931,Q17205
e932,Q30
e933,Q161705
e934,Q29
e935,Q1898583
e936,Q45
e937,Q234497
e938,Q36
e939,Q245016
e940,Q7184
e941,Q273812
e942,Q167662
e943,Q1026
e944,Q29
e945,Q58697
e946,Q219174
e947,Q2746959
e948,Q219174
e949,Q1541064
e950,Q58697
e951,Q990823
e952,Q219174
e953,Q387502
e954,Q54153
e955,Q21328508
e956,Q41487
e957,Q326653
e958,Q81720
e959,Q55933
e960,Q81720
e961,Q16917
e962,Q1092499
e963,Q55933
e964,Q81720
e965,Q16917
e966,Q2180295
e967,Q270
e968,Q22687
e969,Q22687
e970,Q22687
e971,Q1410383
e972,Q432183
e973,Q246644
e974,Q183
e975,Q36
e976,Q9592
e977,Q49476
e978,Q738446
e979,Q44613
e980,Q220
e981,Q989
e982,Q49476
e983,Q953
e984,Q3881
e985,Q60
e986,Q18097
e987,Q39631
e988,Q494902
e989,Q841944
e990,Q249591
e991,Q9380713
e992,Q1506868
e993,Q7385386
e994,Q11125432
e995,Q144
e996,Q23193
e997,Q1799
e998,Q144
e999,Q144
e1000,Q11035
e1001,Q14212
e1002,Q22676
e1003,Q559045
e1004,Q55187
e1005,Q98964
e1006,Q14212
e1007,Q14212
e1008,Q112053
e1009,Q6269869
e1010,Q34687
e1011,Q30461
e1012,Q3037138
e1013,Q1744289
e1014,Q506
e1015,Q33999
e1016,Q36
e1017,Q104720
e1018,Q37226
e1019,Q11035
e1020,Q761
e1021,Q37
e1022,Q184
e1023,Q458
e1024,Q931565
e1025,Q458
e1026,Q36
e1027,Q36
e1028,Q37
e1029,Q1578
e1030,Q458
e1031,Q16970
e1032,Q186277
e1033,Q479323
e1034,Q83180
e1035,Q479323
e1036,Q7364
e1037,Q1647770
e1038,Q929542
e1039,Q589298
e1040,Q1427385
e1041,Q705173
e1042,Q11778685
e1043,Q794605
e1044,Q1416331
e1045,Q156277
e1046,Q2494
e1047,Q60628
e1048,Q494902
e1049,Q1026
e1050,Q1930187
e1051,Q608932
e1052,Q60628
e1053,Q60628
e1054,Q92689
e1055,Q1758009
e1056,Q36442
e1057,Q7922
e1058,Q5891
e1059,Q36442
e1060,Q17278133
e1061,Q580
e1062,Q41487
e1063,Q580
e1064,Q181600
e1065,Q11827693
e1066,Q1497094
e1067,Q39631
e1068,Q39631
e1069,Q17221
e1070,Q16917
e1071,Q1026
e1072,Q2
e1073,Q42406
e1074,Q36
e1075,Q131419
e1076,Q6499669
e1077,Q598222
e1078,Q477248
e1079,Q8495
e1080,Q1211297
e1081,Q9282304
e1082,Q1026
e1083,Q131419
e1084,Q131419
e1085,Q42406
e1086,Q1026
e1087,Q820037
e1088,Q820477
e1089,Q4294828
e1090,Q820037
e1091,Q5119
e1092,Q103892
e1093,Q1072
e1094,Q1072
e1095,Q219060
e1096,Q801
e1097,Q39760
e1098,Q219060
e1099,Q38799
e1100,Q30
e1101,Q30
e1102,Q11218
e1103,Q822
e1104,Q5283295
e1105,Q1963911
e1106,Q2005653
e1107,Q167037
e1108,Q2005653
e1109,Q24946938
e1110,Q40218
e1111,Q121594
e1112,Q514
e1113,Q2239217
e1114,Q18550
e1115,Q599151
e1116,Q35535
e1117,Q31487
e1118,Q600751
e1119,Q600751
e1120,Q36
e1121,Q22687
e1122,Q984274
e1123,Q22687
e1124,Q33767
e1125,Q1907525
e1126,Q685433
e1127,Q81720
e1128,Q515
e1129,Q1001239
e1130,Q48282
e1131,Q263684
e1132,Q35535
e1133,Q30185
e1134,Q249259
e1135,Q55941
e1136,Q483110
e1137,Q55941
e1138,Q46384
e1139,Q486839
e1140,Q249259
e1141,Q156874
e1142,Q7278
e1143,Q30185
e1144,Q249259
e1145,Q30185
e1146,Q486839
e1147,Q46384
e1148,Q121594
e1149,Q121594
e1150,Q121594
e1151,Q107711
e1152,Q107711
e1153,Q7278
e1154,Q11424
e1155,Q126807
e1156,Q673670
e1157,Q599151
e1158,Q40858
e1159,Q40858
e1160,Q29079652
e1161,Q16917
e1162,Q123511
e1163,Q16917
e1164,Q133105
e1165,Q39631
e1166,Q703534
e1167,Q181600
e1168,Q16917
e1169,Q1001225
e1170,Q246264
e1171,Q54150
e1172,Q1799
e1173,Q246264
e1174,Q16917
e1175,Q188913
e1176,Q22691
e1177,Q2302880
e1178,Q54183
e1179,Q35535
e1180,Q131512
e1181,Q39495
e1182,Q2302880
e1183,Q39495
e1184,Q35535
e1185,Q11827693
e1186,Q36774
e1187,Q30
e1188,Q846570
e1189,Q801
e1190,Q192225
e1191,Q33935
e1192,Q33935
e1193,Q41621
e1194,Q15079401
e1195,Q171448
e1196,Q9311028
e1197,Q111144
e1198,Q1930187
e1199,Q111144
e1200,Q39631
e1201,Q36
e1202,Q39631
e1203,Q7364
e1204,Q186102
e1205,Q16370
e1206,Q40397
e1207,Q37017
e1208,Q30
e1209,Q16917
e1210,Q599151
e1211,Q9387697
e1212,Q656365
e1213,Q49848
e1214,Q144881
e1215,Q600751
e1216,Q33767
e1217,Q39631
e1218,Q33767
e1219,Q9103
e1220,Q11740134
e1221,Q8686
e1222,Q39631
e1223,Q9377
e1224,Q25294
e1225,Q23640
e1226,Q32489
e1227,Q9597
e1228,Q7873
e1229,Q250867
e1230,Q11826511
e1231,Q1364786
e1232,Q1647770
e1233,Q189854
e1234,Q348914
e1235,Q3692537
e1236,Q55917
e1237,Q942300
e1238,Q15686806
e1239,Q156868
e1240,Q36
e1241,Q112983
e1242,Q43289230
e1243,Q2054507
e1244,Q5201938
e1245,Q2054507
e1246,Q1006065
e1247,Q166196
e1248,Q166196
e1249,Q11364
e1250,Q988343
e1251,Q4959031
e1252,Q270
e1253,Q270
e1254,Q41487
e1255,Q1411287
e1256,Q93288
e1257,Q15284
e1258,Q144
e1259,Q157031
e1260,Q144
e1261,Q31487
e1262,Q35535
e1263,Q40357
e1264,Q152503
e1265,Q133274
e1266,Q152503
e1267,Q7747
e1268,Q11778989
e1269,Q36
e1270,Q83440
e1271,Q629434
e1272,Q49848
e1273,Q1219996
e1274,Q2251881
e1275,Q49848
e1276,Q217577
e1277,Q49848
e1278,Q1369862
e1279,Q152239
e1280,Q43274
e1281,Q9685
e1282,Q842438
e1283,Q395233
e1284,Q36
e1285,Q17
e1286,Q395233
e1287,Q19097
e1288,Q19097
e1289,Q599151
e1290,Q36774
e1291,Q43229
e1292,Q854997
e1293,Q17
e1294,Q153
e1295,Q7873
e1296,Q35535
e1297,Q154
e1298,Q35535
e1299,Q35473
e1300,Q108636
e1301,Q47652
e1302,Q11787240
e1303,Q328655
e1304,Q140497
e1305,Q622532
e1306,Q2353353
e1307,Q622532
e1308,Q82765
e1309,Q494902
e1310,Q1651566
e1311,Q7802
e1312,Q7892
e1313,Q2662904
e1314,Q330284
e1315,Q189932
e1316,Q483110
e1317,Q1723032
e1318,Q770588
e1319,Q1799
e1320,Q181802
e1321,Q181802
e1322,Q37425
e1323,Q904923
e1324,Q39631
e1325,Q176503
e1326,Q39631
e1327,Q36
e1328,Q36
e1329,Q3917681
e1330,Q1524
e1331,Q213624
e1332,Q41
e1333,Q36
e1334,Q1072
e1335,Q103892
e1336,Q31487
e1337,Q270
e1338,Q181600
e1339,Q712378
e1340,Q181600
e1341,Q1072
e1342,Q712378
e1343,Q9377
e1344,Q7886
e1345,Q216842
e1346,Q147398
e1347,Q147398
e1348,Q168161
e1349,Q39631
e1350,Q3259469
e1351,Q1338983
e1352,Q11749125
e1353,Q309008
e1354,Q309008
e1355,Q93288
e1356,Q35535
e1357,Q868601
e1358,Q211003
e1359,Q12800
e1360,Q4530669
e1361,Q81720
e1362,Q105060
e1363,Q29
e1364,Q36
e1365,Q210932
e1366,Q30
e1367,Q129110
e1368,Q37038
e1369,Q37038
e1370,Q14918510
e1371,Q17221
e1372,Q476608
e1373,Q129110
e1374,Q98964
e1375,Q39908
e1376,Q2160801
e1377,Q12280
e1378,Q1723032
e1379,Q1807170
e1380,Q1807170
e1381,Q494902
e1382,Q1369862
e1383,Q270
e1384,Q842096
e1385,Q47554
e1386,Q35535
e1387,Q17221
e1388,Q28673275
e1389,Q600751
e1390,Q193177
e1391,Q35535
e1392,Q55932
e1393,Q43483
e1394,Q676347
e1395,Q55932
e1396,Q7304607
e1397,Q168844
e1398,Q36
e1399,Q36933
e1400,Q11815201
e1401,Q36933
e1402,Q36933
e1403,Q3230
e1404,Q145
e1405,Q84
e1406,Q376
e1407,Q101401
e1408,Q376
e1409,Q145
e1410,Q159472
e1411,Q210999
e1412,Q39631
e1413,Q41487
e1414,Q663272
e1415,Q16917
e1416,Q444
e1417,Q1003
e1418,Q1392390
e1419,Q11693
e1420,Q444
e1421,Q843402
e1422,Q506
e1423,Q55917
e1424,Q82955
e1425,Q156874
e1426,Q98964
e1427,Q750140
e1428,Q494902
e1429,Q55937
e1430,Q599151
e1431,Q49848
e1432,Q132744
e1433,Q750140
e1434,Q1335996
e1435,Q184619
e1436,Q313614
e1437,Q35473
e1438,Q36864
e1439,Q598
e1440,Q588
e1441,Q17221
e1442,Q9360300
e1443,Q41487
e1444,Q39631
e1445,Q599151
e1446,Q16917
e1447,Q192350
e1448,Q21288057
e1449,Q4865823
e1450,Q16917
e1451,Q741876
e1452,Q3253281
e1453,Q10884
e1454,Q205234
e1455,Q193204
e1456,Q737540
e1457,Q190928
e1458,Q737540
e1459,Q190928
e1460,Q11724399
e1461,Q36
e1462,Q9353585
e1463,Q52842
e1464,Q9213717
e1465,Q212980
e1466,Q2419397
e1467,Q82594
e1468,Q39631
e1469,Q185351
e1470,Q52842
e1471,Q159
e1472,Q1092499
e1473,Q159
e1474,Q172637
e1475,Q5428
e1476,Q374
e1477,Q543654
e1478,Q15264424
e1479,Q599151
e1480,Q106583
e1481,Q35535
e1482,Q36
e1483,Q374
e1484,Q131419
e1485,Q49391
e1486,Q42406
e1487,Q36
e1488,Q491361
e1489,Q2186681
e1490,Q162888
e1491,Q38272
e1492,Q1472027
e1493,Q42406
e1494,Q198763
e1495,Q2009667
e1496,Q609383
e1497,Q12335817
e1498,Q2054507
e1499,Q622532
e1500,Q47135731
e1501,Q989
e1502,Q9597
e1503,Q19546
e1504,Q739445
e1505,Q2494
e1506,Q1072
e1507,Q1498804
e1508,Q384299
e1509,Q30461
e1510,Q2757
e1511,Q30461
e1512,Q55937
e1513,Q1484980
e1514,Q35535
e1515,Q35535
e1516,Q44
e1517,Q35535
e1518,Q155475
e1519,Q15264424
e1520,Q761
e1521,Q599151
e1522,Q155475
e1523,Q17221
e1524,Q15264424
e1525,Q761
e1526,Q1056391
e1527,Q9351662
e1528,Q33709
e1529,Q33709
e1530,Q1687979
e1531,Q335095
e1532,Q190
e1533,Q3455803
e1534,Q506
e1535,Q5249125
e1536,Q11977
e1537,Q494902
e1538,Q35535
e1539,Q429785
e1540,Q270
e1541,Q615777
e1542,Q3259469
e1543,Q886869
e1544,Q42965
e1545,Q98964
e1546,Q55917
e1547,Q1449648
e1548,Q506
e1549,Q56340714
e1550,Q494902
e1551,Q4294318
e1552,Q258
e1553,Q36
e1554,Q728
e1555,Q19401271
e1556,Q36
e1557,Q728
e1558,Q258
e1559,Q1065
e1560,Q1338983
e1561,Q131512
e1562,Q131596
e1563,Q360362
e1564,Q484416
e1565,Q30
e1566,Q82955
e1567,Q1026
e1568,Q37
e1569,Q211
e1570,Q191
e1571,Q159
e1572,Q207761
e1573,Q31487
e1574,Q178909
e1575,Q9153855
e1576,Q45722
e1577,Q36
e1578,Q360362
e1579,Q321613
e1580,Q129110
e1581,Q3692537
e1582,Q1647770
e1583,Q324708
e1584,Q250867
e1585,Q31487
e1586,Q34651
e1587,Q3692537
e1588,Q324708
e1589,Q354306
e1590,Q11707
e1591,Q187456
e1592,Q41253
e1593,Q730944
e1594,Q31
e1595,Q21
e1596,Q35535
e1597,Q102317
e1598,Q7325
e1599,Q36
e1600,Q1723032
e1601,Q156874
e1602,Q36
e1603,Q458
e1604,Q1026
e1605,Q156874
e1606,Q5283295
e1607,Q36
e1608,Q35535
e1609,Q461287
e1610,Q515
e1611,Q600751
e1612,Q461287
e1613,Q494902
e1614,Q35535
e1615,Q9382607
e1616,Q9346234
e1617,Q11786874
e1618,Q9310945
e1619,Q129110
e1620,Q41487
e1621,Q52845
e1622,Q1799
e1623,Q55488
e1624,Q171448
e1625,Q250867
e1626,Q1647770
e1627,Q250867
e1628,Q82955
e1629,Q354306
e1630,Q1026
e1631,Q989
e1632,Q354306
e1633,Q19546
e1634,Q11720112
e1635,Q37230
e1636,Q8889
e1637,Q37230
e1638,Q46
e1639,Q796
e1640,Q889
e1641,Q36
e1642,Q82955
e1643,Q36
e1644,Q728934
e1645,Q828
e1646,Q360362
e1647,Q355844
e1648,Q39397
e1649,Q23640
e1650,Q35473
e1651,Q35473
e1652,Q40966
e1653,Q221488
e1654,Q1645474
e1655,Q1916952
e1656,Q1072
e1657,Q33767
e1658,Q168161
e1659,Q1438930
e1660,Q1438930
e1661,Q4657217
e1662,Q2107492
e1663,Q687574
e1664,Q145972
e1665,Q44416
e1666,Q44416
e1667,Q98964
e1668,Q37333
e1669,Q11401
e1670,Q44416
e1671,Q36
e1672,Q106274
e1673,Q477248
e1674,Q274393
e1675,Q15706520
e1676,Q477248
e1677,Q15706520
e1678,Q15706520
e1679,Q106274
e1680,Q160131
e1681,Q477248
e1682,Q36
e1683,Q11827693
e1684,Q1092499
e1685,Q144
e1686,Q127980
e1687,Q11254
e1688,Q8054
e1689,Q1029907
e1690,Q869
e1691,Q202866
e1692,Q869
e1693,Q203370
e1694,Q2372824
e1695,Q11424
e1696,Q2372824
e1697,Q730944
e1698,Q4787391
e1699,Q56369598
e1700,Q8492
e1701,Q4409456
e1702,Q2249234
e1703,Q35473
e1704,Q260482
e1705,Q260482
e1706,Q1128266
e1707,Q82955
e1708,Q30185
e1709,Q15264424
e1710,Q4122737
e1711,Q3154693
e1712,Q3154693
e1713,Q55917
e1714,Q156874
e1715,Q170552
e1716,Q2051212
e1717,Q309865
e1718,Q93288
e1719,Q11748378
e1720,Q1303167
e1721,Q43483
e1722,Q318204
e1723,Q136676
e1724,Q742944
e1725,Q783660
e1726,Q35535
e1727,Q2290113
e1728,Q131419
e1729,Q853185
e1730,Q4323994
e1731,Q6501349
e1732,Q1501212
e1733,Q933646
e1734,Q23640
e1735,Q1501212
e1736,Q16917
e1737,Q39631
e1738,Q39631
e1739,Q153
e1740,Q181600
e1741,Q237512
e1742,Q35535
e1743,Q260482
e1744,Q14748
e1745,Q4787391
e1746,Q41652016
e1747,Q270
e1748,Q1026
e1749,Q46
e1750,Q494902
e1751,Q239
e1752,Q36
e1753,Q8060
e1754,Q697434
e1755,Q869
e1756,Q69488
e1757,Q869
e1758,Q41487
e1759,Q512442
e1760,Q588
e1761,Q868601
e1762,Q158488
e1763,Q16917
e1764,Q35535
e1765,Q868601
e1766,Q6742
e1767,Q177749
e1768,Q494902
e1769,Q16338
e1770,Q30873
e1771,Q83405
e1772,Q214
e1773,Q26397
e1774,Q36
e1775,Q580
e1776,Q214
e1777,Q1110794
e1778,Q83405
e1779,Q656365
e1780,Q1780
e1781,Q30873
e1782,Q36
e1783,Q40357
e1784,Q42948
e1785,Q849964
e1786,Q40357
e1787,Q2757
e1788,Q30461
e1789,Q55917
e1790,Q15179
e1791,Q40357
e1792,Q3914
e1793,Q1060822
e1794,Q186360
e1795,Q1930187
e1796,Q750140
e1797,Q38
e1798,Q38
e1799,Q36
e1800,Q1026
e1801,Q29
e1802,Q36
e1803,Q29
e1804,Q24649881
e1805,Q1930187
e1806,Q750140
e1807,Q15686806
e1808,Q946
e1809,Q156868
e1810,Q15686806
e1811,Q9202017
e1812,Q2736
e1813,Q7278
e1814,Q9202017
e1815,Q946
e1816,Q5637323
e1817,Q3950
e1818,Q30461
e1819,Q83180
e1820,Q190771
e1821,Q1026
e1822,Q2757
e1823,Q48352
e1824,Q9307508
e1825,Q5062544
e1826,Q2757
e1827,Q55758
e1828,Q36774
e1829,Q89
e1830,Q270
e1831,Q81720
e1832,Q7278
e1833,Q877955
e1834,Q360362
e1835,Q772547
e1836,Q83460
e1837,Q83460
e1838,Q772547
e1839,Q360362
e1840,Q360362
e1841,Q486839
e1842,Q83307
e1843,Q51552
e1844,Q36
e1845,Q41487
e1846,Q599151
e1847,Q192350
e1848,Q51552
e1849,Q41487
e1850,Q1029679
e1851,Q17221
e1852,Q360362
e1853,Q877955
e1854,Q946
e1855,Q98964
e1856,Q156868
e1857,Q55917
e1858,Q156874
e1859,Q7188
e1860,Q156874
e1861,Q837416
e1862,Q10855106
e1863,Q213441
e1864,Q126807
e1865,Q45782
e1866,Q796
e1867,Q6934811
e1868,Q36
e1869,Q4991371
e1870,Q4991371
e1871,Q792
e1872,Q2349664
e1873,Q189747
e1874,Q245016
e1875,Q328030
e1876,Q48282
e1877,Q9633
e1878,Q47038
e1879,Q41487
e1880,Q482980
e1881,Q571
e1882,Q838948
e1883,Q41291
e1884,Q13099720
e1885,Q4991371
e1886,Q68
e1887,Q571
e1888,Q482980
e1889,Q22670
e1890,Q5879
e1891,Q9235
e1892,Q2757
e1893,Q30461
e1894,Q104731
e1895,Q16970
e1896,Q179700
e1897,Q275186
e1898,Q150093
e1899,Q54157
e1900,Q54187
e1901,Q54150
e1902,Q722604
e1903,Q243427
e1904,Q22733
e1905,Q15264424
e1906,Q4657217
e1907,Q15264424
e1908,Q17221
e1909,Q15264424
e1910,Q17221
e1911,Q36
e1912,Q4991371
e1913,Q796
e1914,Q796
e1915,Q694939
e1916,Q12870
e1917,Q36
e1918,Q4991371
e1919,Q1026
e1920,Q245016
e1921,Q694939
e1922,Q515
e1923,Q649062
e1924,Q12870
e1925,Q127197
e1926,Q35535
e1927,Q81720
e1928,Q1001239
e1929,Q155475
e1930,Q3253281
e1931,Q5843
e1932,Q4421
e1933,Q41487
e1934,Q1327216
e1935,Q129110
e1936,Q1825497
e1937,Q55758
e1938,Q42308
e1939,Q55782
e1940,Q14212
e1941,Q4703200
e1942,Q3914
e1943,Q81720
e1944,Q494902
e1945,Q515
e1946,Q9143147
e1947,Q716845
e1948,Q393171
e1949,Q455664
e1950,Q148827
e1951,Q4991371
e1952,Q1930187
e1953,Q153
e1954,Q39631
e1955,Q860447
e1956,Q106274
e1957,Q1123036
e1958,Q860447
e1959,Q39631
e1960,Q35535
e1961,Q104731
e1962,Q54157
e1963,Q718038
e1964,Q54157
e1965,Q3355478
e1966,Q12140
e1967,Q191521
e1968,Q181600
e1969,Q27349
e1970,Q13107184
e1971,Q860447
e1972,Q11734509
e1973,Q1281105
e1974,Q1930187
e1975,Q5431599
e1976,Q1026
e1977,Q165
e1978,Q144786
e1979,Q571
e1980,Q848973
e1981,Q3950
e1982,Q985687
e1983,Q270
e1984,Q515
e1985,Q592177
e1986,Q682466
e1987,Q39631
e1988,Q107094
e1989,Q16917
e1990,Q656205
e1991,Q156868
e1992,Q168161
e1993,Q181600
e1994,Q156868
e1995,Q83307
e1996,Q656205
e1997,Q188913
e1998,Q5587037
e1999,Q54187
e2000,Q13158
e2001,Q36
e2002,Q131596
e2003,Q380778
e2004,Q1364
e2005,Q36
e2006,Q159
e2007,Q856887
e2008,Q133215
e2009,Q649
e2010,Q133215
e2011,Q856887
e2012,Q1907525
e2013,Q23640
e2014,Q144
e2015,Q1799
e2016,Q1411287
e2017,Q202883
e2018,Q144
e2019,Q144
e2020,Q40357
e2021,Q955464
e2022,Q16615783
e2023,Q49848
e2024,Q49848
e2025,Q41487
e2026,Q250867
e2027,Q250867
e2028,Q4539
e2029,Q9682
e2030,Q9685
e2031,Q12097
e2032,Q21
e2033,Q110732
e2034,Q820037
e2035,Q110732
e2036,Q820037
e2037,Q98964
e2038,Q820655
e2039,Q820037
e2040,Q12140
e2041,Q82955
e2042,Q41487
e2043,Q83307
e2044,Q40348
e2045,Q83307
e2046,Q7278
e2047,Q41487
e2048,Q35269
e2049,Q995820
e2050,Q697800
e2051,Q995820
e2052,Q36
e2053,Q697800
e2054,Q2736
e2055,Q995820
e2056,Q268
e2057,Q36
e2058,Q268
e2059,Q515
e2060,Q36
e2061,Q4439
e2062,Q11424
e2063,Q186360
e2064,Q12280
e2065,Q131151
e2066,Q15173
e2067,Q10998
e2068,Q178359
e2069,Q212
e2070,Q22691
e2071,Q39631
e2072,Q170758
e2073,Q39631
e2074,Q641
e2075,Q490
e2076,Q486839
e2077,Q552378
e2078,Q479323
e2079,Q16970
e2080,Q600751
e2081,Q11765289
e2082,Q37017
e2083,Q212980
e2084,Q270
e2085,Q769503
e2086,Q884
e2087,Q1191511
e2088,Q27686
e2089,Q5119
e2090,Q8684
e2091,Q165278
e2092,Q152
e2093,Q3253281
e2094,Q36
e2095,Q165278
e2096,Q152
e2097,Q1930187
e2098,Q11802779
e2099,Q51552
e2100,Q9302885
e2101,Q221438
e2102,Q221438
e2103,Q532
e2104,Q6433694
e2105,Q104520
e2106,Q36
e2107,Q10731891
e2108,Q165192
e2109,Q2019180
e2110,Q10731891
e2111,Q2935
e2112,Q3845166
e2113,Q144015
e2114,Q35535
e2115,Q156874
e2116,Q144015
e2117,Q36
e2118,Q10426
e2119,Q84
e2120,Q124394
e2121,Q102317
e2122,Q145
e2123,Q36
e2124,Q84
e2125,Q145
e2126,Q84
e2127,Q2507571
e2128,Q1054799
e2129,Q14212
e2130,Q14212
e2131,Q14212
e2132,Q14212
e2133,Q13590141
e2134,Q11720904
e2135,Q13590141
e2136,Q129110
e2137,Q83180
e2138,Q33767
e2139,Q83180
e2140,Q190672
e2141,Q2001588
e2142,Q16917
e2143,Q167744
e2144,Q157992
e2145,Q157992
e2146,Q1498804
e2147,Q10943
e2148,Q38
e2149,Q36
e2150,Q4539
e2151,Q50001
e2152,Q36
e2153,Q10943
e2154,Q38
e2155,Q14088
e2156,Q955464
e2157,Q16970
e2158,Q989
e2159,Q43115
e2160,Q3305213
e2161,Q217164
e2162,Q29182
e2163,Q62868
e2164,Q43749
e2165,Q121998
e2166,Q9340486
e2167,Q213624
e2168,Q183
e2169,Q56022
e2170,Q2381223
e2171,Q7777019
e2172,Q955836
e2173,Q1128266
e2174,Q6440129
e2175,Q7278
e2176,Q955836
e2177,Q4294864
e2178,Q98964
e2179,Q41583
e2180,Q183
e2181,Q36380
e2182,Q101249
e2183,Q1760226
e2184,Q2002752
e2185,Q302
e2186,Q170516
e2187,Q37017
e2188,Q37017
e2189,Q178331
e2190,Q1760226
e2191,Q44613
e2192,Q2494
e2193,Q693340
e2194,Q1294755
e2195,Q391752
e2196,Q208040
e2197,Q178550
e2198,Q2251881
e2199,Q212980
e2200,Q2251881
e2201,Q7434
e2202,Q374
e2203,Q658861
e2204,Q183
e2205,Q30
e2206,Q145
e2207,Q7434
e2208,Q1412822
e2209,Q44
e2210,Q7434
e2211,Q155656
e2212,Q302
e2213,Q302
e2214,Q928667
e2215,Q44167
e2216,Q189290
e2217,Q36794
e2218,Q174778
e2219,Q47038
e2220,Q6538313
e2221,Q43274
e2222,Q9685
e2223,Q101687
e2224,Q152239
e2225,Q9685
e2226,Q600231
e2227,Q40357
e2228,Q503146
e2229,Q144
e2230,Q144
e2231,Q144
e2232,Q179943
e2233,Q1498804
e2234,Q55937
e2235,Q82955
e2236,Q17517
e2237,Q82955
e2238,Q20902222
e2239,Q16917
e2240,Q6451172
e2241,Q324941
e2242,Q36396
e2243,Q6663
e2244,Q25294
e2245,Q23640
e2246,Q16917
e2247,Q645022
e2248,Q54187
e2249,Q55920
e2250,Q10359828
e2251,Q47128
e2252,Q172226
e2253,Q2736
e2254,Q1860
e2255,Q239
e2256,Q14212
e2257,Q1026
e2258,Q628505
e2259,Q38
e2260,Q270
e2261,Q7101
e2262,Q1498804
e2263,Q7101
e2264,Q25406921
e2265,Q14748
e2266,Q11032
e2267,Q1026
e2268,Q36774
e2269,Q553
e2270,Q9655
e2271,Q144
e2272,Q144
e2273,Q38576
e2274,Q144
e2275,Q9633
e2276,Q133279
e2277,Q9633
e2278,Q42177
e2279,Q779652
e2280,Q598
e2281,Q35535
e2282,Q55932
e2283,Q83307
e2284,Q643589
e2285,Q643589
e2286,Q309008
e2287,Q392540
e2288,Q551800
e2289,Q600751
e2290,Q1038523
e2291,Q983723
e2292,Q54155
e2293,Q392016
e2294,Q19625
e2295,Q217605
e2296,Q154
e2297,Q153
e2298,Q11424
e2299,Q28516
e2300,Q13968
e2301,Q1221899
e2302,Q37017
e2303,Q212198
e2304,Q82765
e2305,Q676050
e2306,Q12280
e2307,Q953806
e2308,Q243775
e2309,Q9356202
e2310,Q1092499
e2311,Q11420
e2312,Q68
e2313,Q144
e2314,Q325124
e2315,Q985659
e2316,Q32489
e2317,Q40847
e2318,Q899260
e2319,Q7253542
e2320,Q54153
e2321,Q196721
e2322,Q252924
e2323,Q1792
e2324,Q270
e2325,Q9270040
e2326,Q11765353
e2327,Q275102
e2328,Q270
e2329,Q270
e2330,Q4657217
e2331,Q1026
e2332,Q901
e2333,Q7369
e2334,Q580
e2335,Q580
e2336,Q1723032
e2337,Q1723032
e2338,Q107711
e2339,Q39631
e2340,Q1723032
e2341,Q35535
e2342,Q387502
e2343,Q387502
e2344,Q160137
e2345,Q40348
e2346,Q11032
e2347,Q7814299
e2348,Q809585
e2349,Q54184
e2350,Q822
e2351,Q801
e2352,Q37726
e2353,Q41053
e2354,Q801
e2355,Q83460
e2356,Q772547
e2357,Q801
e2358,Q41291
e2359,Q41053
e2360,Q4294358
e2361,Q154
e2362,Q4294358
e2363,Q83307
e2364,Q4294358
e2365,Q901
e2366,Q6408
e2367,Q6408
e2368,Q901
e2369,Q6408
e2370,Q1723032
e2371,Q42177
e2372,Q11686130
e2373,Q9334029
e2374,Q33999
e2375,Q39631
e2376,Q4380777
e2377,Q131512
e2378,Q360362
e2379,Q726230
e2380,Q83307
e2381,Q4380777
e2382,Q7188
e2383,Q953174
e2384,Q360362
e2385,Q580
e2386,Q9365077
e2387,Q9365077
e2388,Q20465
e2389,Q35
e2390,Q6266
e2391,Q46
e2392,Q17517
e2393,Q164714
e2394,Q10638511
e2395,Q17517
e2396,Q164714
e2397,Q17517
e2398,Q30
e2399,Q334
e2400,Q600751
e2401,Q9359387
e2402,Q38
e2403,Q2005653
e2404,Q11827693
e2405,Q105048
e2406,Q2005653
e2407,Q2291658
e2408,Q5627583
e2409,Q270
e2410,Q947561
e2411,Q373609
e2412,Q15284
e2413,Q373609
e2414,Q830337
e2415,Q191808
e2416,Q44613
e2417,Q826419
e2418,Q324917
e2419,Q580
e2420,Q44613
e2421,Q191808
e2422,Q1090066
e2423,Q270
e2424,Q1792
e2425,Q3661354
e2426,Q393220
e2427,Q9342743
e2428,Q48957
e2429,Q54169
e2430,Q35535
e2431,Q180481
e2432,Q39631
e2433,Q39631
e2434,Q156874
e2435,Q123758
e2436,Q156874
e2437,Q156874
e2438,Q1475388
e2439,Q5109960
e2440,Q287
e2441,Q15
e2442,Q93288
e2443,Q594531
e2444,Q687574
e2445,Q486839
e2446,Q46952
e2447,Q940
e2448,Q60168
e2449,Q940
e2450,Q1781
e2451,Q270
e2452,Q848466
e2453,Q133105
e2454,Q60168
e2455,Q486839
e2456,Q842782
e2457,Q81720
e2458,Q486839
e2459,Q503274
e2460,Q3359361
e2461,Q213
e2462,Q940
e2463,Q486839
e2464,Q131524
e2465,Q3276328
e2466,Q270
e2467,Q36774
e2468,Q55938
e2469,Q877955
e2470,Q16917
e2471,Q47038
e2472,Q5606
e2473,Q1054799
e2474,Q5606
e2475,Q30185
e2476,Q515
e2477,Q5606
e2478,Q35535
e2479,Q784483
e2480,Q860447
e2481,Q987786
e2482,Q16917
e2483,Q6164268
e2484,Q628764
e2485,Q105060
e2486,Q105060
e2487,Q651012
e2488,Q146684
e2489,Q444677
e2490,Q54188
e2491,Q545
e2492,Q30185
e2493,Q990830
e2494,Q40080
e2495,Q259327
e2496,Q30185
e2497,Q37017
e2498,Q36
e2499,Q13147
e2500,Q1345
e2501,Q270
e2502,Q3495547
e2503,Q494902
e2504,Q969088
e2505,Q181600
e2506,Q724965
e2507,Q40
e2508,Q163886
e2509,Q48282
e2510,Q36
e2511,Q102350
e2512,Q270
e2513,Q131746
e2514,Q1341387
e2515,Q131746
e2516,Q270
e2517,Q1054799
e2518,Q599151
e2519,Q543654
e2520,Q55938
e2521,Q270
e2522,Q271902
e2523,Q156868
e2524,Q5119
e2525,Q168844
e2526,Q250867
e2527,Q34651
e2528,Q6160886
e2529,Q250867
e2530,Q697279
e2531,Q49476
e2532,Q250867
e2533,Q250867
e2534,Q82765
e2535,Q121594
e2536,Q202883
e2537,Q16621573
e2538,Q82765
e2539,Q202883
e2540,Q36
e2541,Q36
e2542,Q1714036
e2543,Q9394132
e2544,Q44377
e2545,Q1297
e2546,Q5503
e2547,Q515
e2548,Q213717
e2549,Q779652
e2550,Q144
e2551,Q16917
e2552,Q1081013
e2553,Q41607
e2554,Q360362
e2555,Q83307
e2556,Q877955
e2557,Q7188
e2558,Q7188
e2559,Q1128266
e2560,Q820037
e2561,Q7156196
e2562,Q360362
e2563,Q877955
e2564,Q55933
e2565,Q39631
e2566,Q580
e2567,Q16917
e2568,Q4294318
e2569,Q14212
e2570,Q55910
e2571,Q2333573
e2572,Q14212
e2573,Q4122737
e2574,Q47528
e2575,Q772547
e2576,Q47528
e2577,Q2200391
e2578,Q2982446
e2579,Q7184
e2580,Q532
e2581,Q4959031
e2582,Q25212275
e2583,Q942300
e2584,Q7037230
e2585,Q324132
e2586,Q30258
e2587,Q720467
e2588,Q25709
e2589,Q1390
e2590,Q200539
e2591,Q131696
e2592,Q9297870
e2593,Q83307
e2594,Q28672590
e2595,Q14748
e2596,Q287
e2597,Q1072
e2598,Q33767
e2599,Q33767
e2600,Q335234
e2601,Q1361639
e2602,Q62603
e2603,Q191836
e2604,Q1026
e2605,Q30
e2606,Q81398
e2607,Q1963911
e2608,Q48352
e2609,Q2757
e2610,Q55920
e2611,Q30231721
e2612,Q607410
e2613,Q191931
e2614,Q7156
e2615,Q5239006
e2616,Q41583
e2617,Q46
e2618,Q36
e2619,Q36
e2620,Q319445
e2621,Q14212
e2622,Q22676
e2623,Q559045
e2624,Q55187
e2625,Q98964
e2626,Q14212
e2627,Q14212
e2628,Q112053
e2629,Q6269869
e2630,Q34687
e2631,Q30461
e2632,Q706364
e2633,Q4801614
e2634,Q639669
e2635,Q84
e2636,Q5973390
e2637,Q9158
e2638,Q47554
e2639,Q88598
e2640,Q515
e2641,Q36
e2642,Q515
e2643,Q29
e2644,Q8818
e2645,Q3537732
e2646,Q6498663
e2647,Q35535
e2648,Q221706
e2649,Q44377
e2650,Q360362
e2651,Q1661
e2652,Q9297859
e2653,Q31487
e2654,Q591055
e2655,Q360362
e2656,Q1128266
e2657,Q41487
e2658,Q270
e2659,Q4657217
e2660,Q3154693
e2661,Q3154693
e2662,Q1056391
e2663,Q55043
e2664,Q4122737
e2665,Q268
e2666,Q41252
e2667,Q35473
e2668,Q1723032
e2669,Q2333388
e2670,Q35473
e2671,Q33767
e2672,Q103217
e2673,Q11724952
e2674,Q56217128
e2675,Q55937
e2676,Q378914
e2677,Q809
e2678,Q4759716
e2679,Q486839
e2680,Q156874
e2681,Q4759716
e2682,Q35535
e2683,Q387449
e2684,Q35535
e2685,Q153
e2686,Q7873
e2687,Q194263
e2688,Q8502
e2689,Q5633897
e2690,Q31487
e2691,Q270
e2692,Q1042490
e2693,Q163246
e2694,Q194263
e2695,Q106583
e2696,Q506
e2697,Q48942
e2698,Q106583
e2699,Q3914
e2700,Q506
e2701,Q3917681
e2702,Q494902
e2703,Q1026
e2704,Q27
e2705,Q11032
e2706,Q223638
e2707,Q27
e2708,Q27
e2709,Q3917681
e2710,Q812
e2711,Q7369
e2712,Q901
e2713,Q156839
e2714,Q1324986
e2715,Q37333
e2716,Q600751
e2717,Q156839
e2718,Q30
e2719,Q7347
e2720,Q30
e2721,Q37320
e2722,Q28507
e2723,Q58677
e2724,Q36794
e2725,Q11707
e2726,Q154
e2727,Q11707
e2728,Q157195
e2729,Q154
e2730,Q46388
e2731,Q157195
e2732,Q580
e2733,Q503592
e2734,Q11019
e2735,Q11692065
e2736,Q30113
e2737,Q36794
e2738,Q52903
e2739,Q170544
e2740,Q1029907
e2741,Q153
e2742,Q36
e2743,Q1026
e2744,Q6576
e2745,Q36
e2746,Q133105
e2747,Q85329
e2748,Q2494
e2749,Q989
e2750,Q250867
e2751,Q5589178
e2752,Q37333
e2753,Q515
e2754,Q36
e2755,Q9395310
e2756,Q2897058
e2757,Q1018675
e2758,Q1068842
e2759,Q191931
e2760,Q19546
e2761,Q4946400
e2762,Q2494
e2763,Q31487
e2764,Q2358590
e2765,Q156874
e2766,Q7278
e2767,Q884
e2768,Q884
e2769,Q131647
e2770,Q2736
e2771,Q41050
e2772,Q102470
e2773,Q43
e2774,Q836719
e2775,Q7169
e2776,Q19077
e2777,Q39259
e2778,Q191768
e2779,Q47740
e2780,Q787
e2781,Q188574
e2782,Q202866
e2783,Q836719
e2784,Q202866
e2785,Q98964
e2786,Q705173
e2787,Q705173
e2788,Q166118
e2789,Q1647770
e2790,Q19546
e2791,Q2494
e2792,Q177826
e2793,Q890709
e2794,Q156868
e2795,Q156874
e2796,Q726230
e2797,Q953174
e2798,Q953174
e2799,Q36
e2800,Q7174
e2801,Q953174
e2802,Q388602
e2803,Q989
e2804,Q191133
e2805,Q19546
e2806,Q19546
e2807,Q32489
e2808,Q29
e2809,Q989
e2810,Q968576
e2811,Q19546
e2812,Q32489
e2813,Q31487
e2814,Q1028181
e2815,Q936876
e2816,Q3305213
e2817,Q9209474
e2818,Q3305213
e2819,Q3305213
e2820,Q196756
e2821,Q41487
e2822,Q23640
e2823,Q16533
e2824,Q1930187
e2825,Q75029
e2826,Q605483
e2827,Q16533
e2828,Q7748
e2829,Q148
e2830,Q12514
e2831,Q5413
e2832,Q2
e2833,Q159719
e2834,Q12323
e2835,Q5413
e2836,Q130760
e2837,Q159719
e2838,Q145
e2839,Q145
e2840,Q131512
e2841,Q11748378
e2842,Q44
e2843,Q11748378
e2844,Q44
e2845,Q1412822
e2846,Q44
e2847,Q131596
e2848,Q4488374
e2849,Q11748378
e2850,Q1337757
e2851,Q197
e2852,Q29182
e2853,Q170173
e2854,Q36
e2855,Q901
e2856,Q165
e2857,Q303423
e2858,Q170173
e2859,Q7231177
e2860,Q4006
e2861,Q769680
e2862,Q44167
e2863,Q159391
e2864,Q35535
e2865,Q35
e2866,Q47988
e2867,Q110011
e2868,Q35535
e2869,Q620207
e2870,Q126807
e2871,Q16917
e2872,Q7050296
e2873,Q580
e2874,Q207172
e2875,Q33767
e2876,Q12187
e2877,Q190140
e2878,Q494902
e2879,Q486975
e2880,Q190140
e2881,Q1645474
e2882,Q181409
e2883,Q668855
e2884,Q730944
e2885,Q35535
e2886,Q7892
e2887,Q282
e2888,Q726
e2889,Q7364
e2890,Q7304607
e2891,Q144
e2892,Q7364
e2893,Q1364042
e2894,Q33767
e2895,Q7892
e2896,Q37017
e2897,Q39631
e2898,Q36
e2899,Q36
e2900,Q4294586
e2901,Q4421
e2902,Q17517
e2903,Q17517
e2904,Q55366
e2905,Q17517
e2906,Q783906
e2907,Q54196
e2908,Q1228895
e2909,Q154
e2910,Q1228895
e2911,Q486839
e2912,Q35535
e2913,Q1228895
e2914,Q1758690
e2915,Q208762
e2916,Q7873
e2917,Q133105
e2918,Q4991371
e2919,Q7873
e2920,Q82765
e2921,Q444677
e2922,Q9371039
e2923,Q61065
e2924,Q11815201
e2925,Q82765
e2926,Q61065
e2927,Q5605
e2928,Q1140734
e2929,Q7632853
e2930,Q989863
e2931,Q1164883
e2932,Q3345571
e2933,Q23397
e2934,Q3387965
e2935,Q23397
e2936,Q953181
e2937,Q62687
e2938,Q4421
e2939,Q7603225
e2940,Q4421
e2941,Q21328508
e2942,Q4421
e2943,Q1578
e2944,Q11474
e2945,Q49848
e2946,Q1221208
e2947,Q1221208
e2948,Q1221208
e2949,Q2775569
e2950,Q15079401
e2951,Q11424
e2952,Q11424
e2953,Q36
e2954,Q3305213
e2955,Q11424
e2956,Q55938
e2957,Q156868
e2958,Q946
e2959,Q494902
e2960,Q55938
e2961,Q36
e2962,Q17221
e2963,Q205647
e2964,Q9297870
e2965,Q192350
e2966,Q213441
e2967,Q685433
e2968,Q1380537
e2969,Q7277895
e2970,Q180481
e2971,Q16917
e2972,Q368521
e2973,Q1092499
e2974,Q39631
e2975,Q860447
e2976,Q1092499
e2977,Q167096
e2978,Q4421
e2979,Q2372824
e2980,Q133006
e2981,Q497975
e2982,Q282
e2983,Q1104034
e2984,Q10884
e2985,Q1104034
e2986,Q2291561
e2987,Q54187
e2988,Q4421
e2989,Q726
e2990,Q2291561
e2991,Q270
e2992,Q940
e2993,Q393
e2994,Q35535
e2995,Q275186
e2996,Q940
e2997,Q93288
e2998,Q309865
e2999,Q93288
e3000,Q1465005
e3001,Q309865
e3002,Q588
e3003,Q55758
e3004,Q216
e3005,Q4668625
e3006,Q30461
e3007,Q1466031
e3008,Q1146304
e3009,Q2095349
e3010,Q2669894
e3011,Q956495
e3012,Q7188
e3013,Q82955
e3014,Q156874
e3015,Q98964
e3016,Q820655
e3017,Q271855
e3018,Q39631
e3019,Q16917
e3020,Q8686
e3021,Q1072
e3022,Q1072
e3023,Q1072
e3024,Q93288
e3025,Q93181
e3026,Q214821
e3027,Q801
e3028,Q7873
e3029,Q55917
e3030,Q156874
e3031,Q13434535
e3032,Q131295
e3033,Q79007
e3034,Q270
e3035,Q35535
e3036,Q211003
e3037,Q156874
e3038,Q11827693
e3039,Q55917
e3040,Q11827693
e3041,Q156874
e3042,Q554411
e3043,Q15284
e3044,Q554411
e3045,Q373609
e3046,Q41652016
e3047,Q2005653
e3048,Q83307
e3049,Q41487
e3050,Q2005653
e3051,Q83307
e3052,Q581105
e3053,Q83307
e3054,Q148
e3055,Q373564
e3056,Q787
e3057,Q23640
e3058,Q787
e3059,Q131596
e3060,Q787
e3061,Q131512
e3062,Q11687601
e3063,Q270
e3064,Q1085
e3065,Q270
e3066,Q757292
e3067,Q995839
e3068,Q183
e3069,Q155901
e3070,Q47913
e3071,Q36
e3072,Q35535
e3073,Q155901
e3074,Q36
e3075,Q2618239
e3076,Q170552
e3077,Q23640
e3078,Q177749
e3079,Q1741
e3080,Q83307
e3081,Q4294708
e3082,Q41487
e3083,Q600751
e3084,Q270
e3085,Q36008
e3086,Q268
e3087,Q40858
e3088,Q35535
e3089,Q6498663
e3090,Q40858
e3091,Q12280
e3092,Q335297
e3093,Q12280
e3094,Q9376234
e3095,Q39495
e3096,Q486839
e3097,Q39495
e3098,Q33506
e3099,Q6593834
e3100,Q360362
e3101,Q39495
e3102,Q11424
e3103,Q1578
e3104,Q33767
e3105,Q175334
e3106,Q12870
e3107,Q1930187
e3108,Q551800
e3109,Q693034
e3110,Q848999
e3111,Q924678
e3112,Q16917
e3113,Q39631
e3114,Q35535
e3115,Q11827693
e3116,Q11827693
e3117,Q1056391
e3118,Q3914
e3119,Q28516
e3120,Q30
e3121,Q37079
e3122,Q8333
e3123,Q36
e3124,Q1092499
e3125,Q728
e3126,Q36
e3127,Q818403
e3128,Q30
e3129,Q761
e3130,Q2757
e3131,Q557920
e3132,Q734755
e3133,Q30461
e3134,Q11768020
e3135,Q1683061
e3136,Q36
e3137,Q34442
e3138,Q7278
e3139,Q36
e3140,Q35535
e3141,Q486839
e3142,Q837416
e3143,Q953174
e3144,Q930480
e3145,Q35535
e3146,Q7174
e3147,Q2054507
e3148,Q35535
e3149,Q658861
e3150,Q11424
e3151,Q11424
e3152,Q11424
e3153,Q2054507
e3154,Q29999
e3155,Q48803
e3156,Q4657217
e3157,Q247073
e3158,Q1501
e3159,Q1065656
e3160,Q156874
e3161,Q156868
e3162,Q837416
e3163,Q156874
e3164,Q218477
e3165,Q1128266
e3166,Q360362
e3167,Q877955
e3168,Q82955
e3169,Q156874
e3170,Q2066131
e3171,Q2015914
e3172,Q106274
e3173,Q246685
e3174,Q2353353
e3175,Q820477
e3176,Q1476710
e3177,Q246685
e3178,Q1476710
e3179,Q15284
e3180,Q2462658
e3181,Q30
e3182,Q23768
e3183,Q622425
e3184,Q152285
e3185,Q133215
e3186,Q194428
e3187,Q190771
e3188,Q36
e3189,Q159
e3190,Q757292
e3191,Q9353576
e3192,Q757292
e3193,Q36
e3194,Q36
e3195,Q4421
